gene;identifier;variant
atpE;Rv1305;atpE_p.Ala63Pro
atpE;Rv1305;atpE_p.Asp28Ala
atpE;Rv1305;atpE_p.Asp28Gly
atpE;Rv1305;atpE_p.Asp28Val
atpE;Rv1305;atpE_p.Glu61Asp
atpE;Rv1305;atpE_p.Ile66Met
Rv0678;Rv0678;Rv0678_p.Ala36Val
Rv0678;Rv0678;Rv0678_p.Asn70Asp
Rv0678;Rv0678;Rv0678_p.Cys46Arg
Rv0678;Rv0678;Rv0678_p.Gly121Arg
Rv0678;Rv0678;Rv0678_p.Ile67Ser
Rv0678;Rv0678;Rv0678_p.Leu117Arg
Rv0678;Rv0678;Rv0678_p.Leu32Ser
Rv0678;Rv0678;Rv0678_p.Met146Thr
tlyA;Rv1694;tlyA_p.Asn236Lys
tlyA;Rv1694;tlyA_p.Gly232Asp
ddn;Rv3547;ddn_p.Leu49Pro
embB;Rv3795;embB_p.Asp328Tyr
embB;Rv3795;embB_p.Asp354Ala
embB;Rv3795;embB_p.Gln497Arg
embB;Rv3795;embB_p.Gln497Lys
embB;Rv3795;embB_p.Gly406Ala
embB;Rv3795;embB_p.Gly406Asp
embB;Rv3795;embB_p.Gly406Cys
embB;Rv3795;embB_p.Gly406Ser
embB;Rv3795;embB_p.Met306Ile
embB;Rv3795;embB_p.Met306Leu
embB;Rv3795;embB_p.Met306Val
embB;Rv3795;embB_p.Tyr319Cys
embB;Rv3795;embB_p.Tyr319Ser
ethA;Rv3854c;ethA_p.Ala341Val
ethA;Rv3854c;ethA_p.Arg207Gly
ethA;Rv3854c;ethA_p.Asn379Asp
ethA;Rv3854c;ethA_p.Cys403Tyr
ethA;Rv3854c;ethA_p.Leu35Arg
ethA;Rv3854c;ethA_p.Ser390Phe
ethA;Rv3854c;ethA_p.Ser57Tyr
ethA;Rv3854c;ethA_p.Thr88Ile
ethA;Rv3854c;ethA_p.Val202Gly
inhA;Rv1484;inhA_p.Ser94Ala
katG;Rv1908c;katG_p.Ser315Arg
katG;Rv1908c;katG_p.Ser315Asn
katG;Rv1908c;katG_p.Ser315Ile
katG;Rv1908c;katG_p.Ser315Thr
katG;Rv1908c;katG_p.Trp328Leu
gyrA;Rv0006;gyrA_p.Ala90Val
gyrA;Rv0006;gyrA_p.Asp89Asn
gyrA;Rv0006;gyrA_p.Asp94Ala
gyrA;Rv0006;gyrA_p.Asp94Asn
gyrA;Rv0006;gyrA_p.Asp94Gly
gyrA;Rv0006;gyrA_p.Asp94His
gyrA;Rv0006;gyrA_p.Asp94Tyr
gyrA;Rv0006;gyrA_p.Gly88Ala
gyrA;Rv0006;gyrA_p.Gly88Cys
gyrA;Rv0006;gyrA_p.Ser91Pro
gyrB;Rv0005;gyrB_p.Ala504Val
gyrB;Rv0005;gyrB_p.Asn499Asp
gyrB;Rv0005;gyrB_p.Asn499Thr
gyrB;Rv0005;gyrB_p.Asp461Asn
gyrB;Rv0005;gyrB_p.Asp461His
gyrB;Rv0005;gyrB_p.Glu501Asp
gyrB;Rv0005;gyrB_p.Glu501Val
gyrB;Rv0005;gyrB_p.Ser447Phe
rplC;Rv0701;rplC_p.Cys154Arg
pncA;Rv2043c;pncA_p.Ala102Pro
pncA;Rv2043c;pncA_p.Ala102Thr
pncA;Rv2043c;pncA_p.Ala134Val
pncA;Rv2043c;pncA_p.Ala143Gly
pncA;Rv2043c;pncA_p.Ala146Glu
pncA;Rv2043c;pncA_p.Ala146Thr
pncA;Rv2043c;pncA_p.Ala146Val
pncA;Rv2043c;pncA_p.Ala171Glu
pncA;Rv2043c;pncA_p.Ala171Pro
pncA;Rv2043c;pncA_p.Ala3Glu
pncA;Rv2043c;pncA_p.Ala46Glu
pncA;Rv2043c;pncA_p.Ala46Val
pncA;Rv2043c;pncA_p.Arg121Pro
pncA;Rv2043c;pncA_p.Arg140Pro
pncA;Rv2043c;pncA_p.Arg154Gly
pncA;Rv2043c;pncA_p.Arg154Met
pncA;Rv2043c;pncA_p.Asp129Asn
pncA;Rv2043c;pncA_p.Asp12Ala
pncA;Rv2043c;pncA_p.Asp12Asn
pncA;Rv2043c;pncA_p.Asp12Glu
pncA;Rv2043c;pncA_p.Asp12Gly
pncA;Rv2043c;pncA_p.Asp136Gly
pncA;Rv2043c;pncA_p.Asp136Val
pncA;Rv2043c;pncA_p.Asp49Ala
pncA;Rv2043c;pncA_p.Asp49Asn
pncA;Rv2043c;pncA_p.Asp49Glu
pncA;Rv2043c;pncA_p.Asp49Gly
pncA;Rv2043c;pncA_p.Asp63Ala
pncA;Rv2043c;pncA_p.Asp63Gly
pncA;Rv2043c;pncA_p.Asp8Ala
pncA;Rv2043c;pncA_p.Asp8Asn
pncA;Rv2043c;pncA_p.Asp8Glu
pncA;Rv2043c;pncA_p.Asp8Gly
pncA;Rv2043c;pncA_p.Asp8His
pncA;Rv2043c;pncA_p.Asp8Tyr
pncA;Rv2043c;pncA_p.Cys138Arg
pncA;Rv2043c;pncA_p.Cys14Arg
pncA;Rv2043c;pncA_p.Cys14Trp
pncA;Rv2043c;pncA_p.Cys72Arg
pncA;Rv2043c;pncA_p.Cys72Tyr
pncA;Rv2043c;pncA_p.Gln10Arg
pncA;Rv2043c;pncA_p.Gln10His
pncA;Rv2043c;pncA_p.Gln10Pro
pncA;Rv2043c;pncA_p.Gln141Pro
pncA;Rv2043c;pncA_p.Gly105Asp
pncA;Rv2043c;pncA_p.Gly105Val
pncA;Rv2043c;pncA_p.Gly108Arg
pncA;Rv2043c;pncA_p.Gly108Glu
pncA;Rv2043c;pncA_p.Gly132Ala
pncA;Rv2043c;pncA_p.Gly132Asp
pncA;Rv2043c;pncA_p.Gly132Cys
pncA;Rv2043c;pncA_p.Gly132Ser
pncA;Rv2043c;pncA_p.Gly162Asp
pncA;Rv2043c;pncA_p.Gly17Asp
pncA;Rv2043c;pncA_p.Gly24Asp
pncA;Rv2043c;pncA_p.Gly78Asp
pncA;Rv2043c;pncA_p.Gly78Ser
pncA;Rv2043c;pncA_p.Gly78Val
pncA;Rv2043c;pncA_p.Gly97Arg
pncA;Rv2043c;pncA_p.Gly97Asp
pncA;Rv2043c;pncA_p.Gly97Cys
pncA;Rv2043c;pncA_p.Gly97Ser
pncA;Rv2043c;pncA_p.Gly97Val
pncA;Rv2043c;pncA_p.His137Pro
pncA;Rv2043c;pncA_p.His43Pro
pncA;Rv2043c;pncA_p.His51Arg
pncA;Rv2043c;pncA_p.His51Asp
pncA;Rv2043c;pncA_p.His51Gln
pncA;Rv2043c;pncA_p.His51Pro
pncA;Rv2043c;pncA_p.His51Tyr
pncA;Rv2043c;pncA_p.His57Arg
pncA;Rv2043c;pncA_p.His57Asp
pncA;Rv2043c;pncA_p.His57Gln
pncA;Rv2043c;pncA_p.His57Leu
pncA;Rv2043c;pncA_p.His57Tyr
pncA;Rv2043c;pncA_p.His71Arg
pncA;Rv2043c;pncA_p.His71Pro
pncA;Rv2043c;pncA_p.His71Tyr
pncA;Rv2043c;pncA_p.His82Arg
pncA;Rv2043c;pncA_p.Ile133Thr
pncA;Rv2043c;pncA_p.Ile31Ser
pncA;Rv2043c;pncA_p.Ile31Thr
pncA;Rv2043c;pncA_p.Ile5Ser
pncA;Rv2043c;pncA_p.Ile6Thr
pncA;Rv2043c;pncA_p.Ile90Asn
pncA;Rv2043c;pncA_p.Ile90Ser
pncA;Rv2043c;pncA_p.Ile90Thr
pncA;Rv2043c;pncA_p.Leu116Arg
pncA;Rv2043c;pncA_p.Leu116Pro
pncA;Rv2043c;pncA_p.Leu120Arg
pncA;Rv2043c;pncA_p.Leu120Gln
pncA;Rv2043c;pncA_p.Leu120Pro
pncA;Rv2043c;pncA_p.Leu151Ser
pncA;Rv2043c;pncA_p.Leu159Arg
pncA;Rv2043c;pncA_p.Leu159Pro
pncA;Rv2043c;pncA_p.Leu159Val
pncA;Rv2043c;pncA_p.Leu172Pro
pncA;Rv2043c;pncA_p.Leu182Ser
pncA;Rv2043c;pncA_p.Leu182Trp
pncA;Rv2043c;pncA_p.Leu19Pro
pncA;Rv2043c;pncA_p.Leu27Pro
pncA;Rv2043c;pncA_p.Leu35Pro
pncA;Rv2043c;pncA_p.Leu4Ser
pncA;Rv2043c;pncA_p.Leu4Trp
pncA;Rv2043c;pncA_p.Leu85Arg
pncA;Rv2043c;pncA_p.Leu85Pro
pncA;Rv2043c;pncA_p.Lys48Glu
pncA;Rv2043c;pncA_p.Lys48Thr
pncA;Rv2043c;pncA_p.Lys96Arg
pncA;Rv2043c;pncA_p.Lys96Asn
pncA;Rv2043c;pncA_p.Lys96Gln
pncA;Rv2043c;pncA_p.Lys96Glu
pncA;Rv2043c;pncA_p.Lys96Thr
pncA;Rv2043c;pncA_p.Met175Arg
pncA;Rv2043c;pncA_p.Met175Ile
pncA;Rv2043c;pncA_p.Met175Thr
pncA;Rv2043c;pncA_p.Met175Val
pncA;Rv2043c;pncA_p.Phe106Leu
pncA;Rv2043c;pncA_p.Phe106Ser
pncA;Rv2043c;pncA_p.Phe13Ile
pncA;Rv2043c;pncA_p.Phe13Leu
pncA;Rv2043c;pncA_p.Phe13Ser
pncA;Rv2043c;pncA_p.Phe58Cys
pncA;Rv2043c;pncA_p.Phe58Leu
pncA;Rv2043c;pncA_p.Phe58Ser
pncA;Rv2043c;pncA_p.Phe94Cys
pncA;Rv2043c;pncA_p.Phe94Leu
pncA;Rv2043c;pncA_p.Phe94Ser
pncA;Rv2043c;pncA_p.Pro54Arg
pncA;Rv2043c;pncA_p.Pro54Gln
pncA;Rv2043c;pncA_p.Pro54Leu
pncA;Rv2043c;pncA_p.Pro54Ser
pncA;Rv2043c;pncA_p.Pro54Thr
pncA;Rv2043c;pncA_p.Pro62Arg
pncA;Rv2043c;pncA_p.Pro62Leu
pncA;Rv2043c;pncA_p.Pro62Ser
pncA;Rv2043c;pncA_p.Pro62Thr
pncA;Rv2043c;pncA_p.Pro69Leu
pncA;Rv2043c;pncA_p.Ser104Arg
pncA;Rv2043c;pncA_p.Ser104Gly
pncA;Rv2043c;pncA_p.Ser104Ile
pncA;Rv2043c;pncA_p.Ser164Pro
pncA;Rv2043c;pncA_p.Ser59Pro
pncA;Rv2043c;pncA_p.Ser66Pro
pncA;Rv2043c;pncA_p.Ser67Pro
pncA;Rv2043c;pncA_p.Thr100Pro
pncA;Rv2043c;pncA_p.Thr114Pro
pncA;Rv2043c;pncA_p.Thr135Asn
pncA;Rv2043c;pncA_p.Thr135Pro
pncA;Rv2043c;pncA_p.Thr142Ala
pncA;Rv2043c;pncA_p.Thr142Lys
pncA;Rv2043c;pncA_p.Thr142Met
pncA;Rv2043c;pncA_p.Thr142Pro
pncA;Rv2043c;pncA_p.Thr160Lys
pncA;Rv2043c;pncA_p.Thr160Pro
pncA;Rv2043c;pncA_p.Thr168Pro
pncA;Rv2043c;pncA_p.Thr177Pro
pncA;Rv2043c;pncA_p.Thr47Ala
pncA;Rv2043c;pncA_p.Thr47Pro
pncA;Rv2043c;pncA_p.Thr61Pro
pncA;Rv2043c;pncA_p.Thr76Ile
pncA;Rv2043c;pncA_p.Thr76Pro
pncA;Rv2043c;pncA_p.Trp119Arg
pncA;Rv2043c;pncA_p.Trp119Cys
pncA;Rv2043c;pncA_p.Trp119Gly
pncA;Rv2043c;pncA_p.Trp119Leu
pncA;Rv2043c;pncA_p.Trp68Arg
pncA;Rv2043c;pncA_p.Trp68Cys
pncA;Rv2043c;pncA_p.Trp68Gly
pncA;Rv2043c;pncA_p.Trp68Leu
pncA;Rv2043c;pncA_p.Tyr103Asp
pncA;Rv2043c;pncA_p.Tyr103Cys
pncA;Rv2043c;pncA_p.Tyr103His
pncA;Rv2043c;pncA_p.Tyr34Asp
pncA;Rv2043c;pncA_p.Tyr34Ser
pncA;Rv2043c;pncA_p.Tyr64Asp
pncA;Rv2043c;pncA_p.Tyr95Asp
pncA;Rv2043c;pncA_p.Val125Gly
pncA;Rv2043c;pncA_p.Val125Phe
pncA;Rv2043c;pncA_p.Val128Gly
pncA;Rv2043c;pncA_p.Val130Gly
pncA;Rv2043c;pncA_p.Val130Met
pncA;Rv2043c;pncA_p.Val131Gly
pncA;Rv2043c;pncA_p.Val131Phe
pncA;Rv2043c;pncA_p.Val139Ala
pncA;Rv2043c;pncA_p.Val139Gly
pncA;Rv2043c;pncA_p.Val139Leu
pncA;Rv2043c;pncA_p.Val139Met
pncA;Rv2043c;pncA_p.Val155Ala
pncA;Rv2043c;pncA_p.Val155Gly
pncA;Rv2043c;pncA_p.Val155Met
pncA;Rv2043c;pncA_p.Val163Ala
pncA;Rv2043c;pncA_p.Val180Ala
pncA;Rv2043c;pncA_p.Val180Gly
pncA;Rv2043c;pncA_p.Val180Phe
pncA;Rv2043c;pncA_p.Val21Gly
pncA;Rv2043c;pncA_p.Val44Gly
pncA;Rv2043c;pncA_p.Val7Ala
pncA;Rv2043c;pncA_p.Val7Gly
pncA;Rv2043c;pncA_p.Val7Leu
pncA;Rv2043c;pncA_p.Val7Phe
pncA;Rv2043c;pncA_p.Val93Ala
pncA;Rv2043c;pncA_p.Val93Leu
pncA;Rv2043c;pncA_p.Val9Gly
rpoB;Rv0667;rpoB_p.Ala451Gly
rpoB;Rv0667;rpoB_p.Ala451Val
rpoB;Rv0667;rpoB_p.Arg448Gln
rpoB;Rv0667;rpoB_p.Arg448Leu
rpoB;Rv0667;rpoB_p.Arg448Lys
rpoB;Rv0667;rpoB_p.Asn437Asp
rpoB;Rv0667;rpoB_p.Asn437His
rpoB;Rv0667;rpoB_p.Asn437Ile
rpoB;Rv0667;rpoB_p.Asn437Ser
rpoB;Rv0667;rpoB_p.Asn437Tyr
rpoB;Rv0667;rpoB_p.Asn438His
rpoB;Rv0667;rpoB_p.Asp435Ala
rpoB;Rv0667;rpoB_p.Asp435Asn
rpoB;Rv0667;rpoB_p.Asp435Glu
rpoB;Rv0667;rpoB_p.Asp435Gly
rpoB;Rv0667;rpoB_p.Asp435His
rpoB;Rv0667;rpoB_p.Asp435Leu
rpoB;Rv0667;rpoB_p.Asp435Phe
rpoB;Rv0667;rpoB_p.Asp435Tyr
rpoB;Rv0667;rpoB_p.Asp435Val
rpoB;Rv0667;rpoB_p.Gln429His
rpoB;Rv0667;rpoB_p.Gln429Leu
rpoB;Rv0667;rpoB_p.Gln429Pro
rpoB;Rv0667;rpoB_p.Gln432Asn
rpoB;Rv0667;rpoB_p.Gln432Glu
rpoB;Rv0667;rpoB_p.Gln432His
rpoB;Rv0667;rpoB_p.Gln432Leu
rpoB;Rv0667;rpoB_p.Gln432Lys
rpoB;Rv0667;rpoB_p.Gln432Pro
rpoB;Rv0667;rpoB_p.Gln436Arg
rpoB;Rv0667;rpoB_p.Gln436Asn
rpoB;Rv0667;rpoB_p.Gln436Pro
rpoB;Rv0667;rpoB_p.Gly426Ser
rpoB;Rv0667;rpoB_p.Gly442Glu
rpoB;Rv0667;rpoB_p.His445Arg
rpoB;Rv0667;rpoB_p.His445Asn
rpoB;Rv0667;rpoB_p.His445Asp
rpoB;Rv0667;rpoB_p.His445Cys
rpoB;Rv0667;rpoB_p.His445Gln
rpoB;Rv0667;rpoB_p.His445Gly
rpoB;Rv0667;rpoB_p.His445Leu
rpoB;Rv0667;rpoB_p.His445Phe
rpoB;Rv0667;rpoB_p.His445Pro
rpoB;Rv0667;rpoB_p.His445Ser
rpoB;Rv0667;rpoB_p.His445Thr
rpoB;Rv0667;rpoB_p.His445Tyr
rpoB;Rv0667;rpoB_p.Ile491Phe
rpoB;Rv0667;rpoB_p.Leu430Arg
rpoB;Rv0667;rpoB_p.Leu430Pro
rpoB;Rv0667;rpoB_p.Leu443Phe
rpoB;Rv0667;rpoB_p.Leu443Ser
rpoB;Rv0667;rpoB_p.Leu443Trp
rpoB;Rv0667;rpoB_p.Leu449Met
rpoB;Rv0667;rpoB_p.Leu452Met
rpoB;Rv0667;rpoB_p.Leu452Pro
rpoB;Rv0667;rpoB_p.Leu452Val
rpoB;Rv0667;rpoB_p.Lys446Arg
rpoB;Rv0667;rpoB_p.Lys446Gln
rpoB;Rv0667;rpoB_p.Lys446Glu
rpoB;Rv0667;rpoB_p.Lys446Thr
rpoB;Rv0667;rpoB_p.Met434Arg
rpoB;Rv0667;rpoB_p.Met434Ile
rpoB;Rv0667;rpoB_p.Met434Leu
rpoB;Rv0667;rpoB_p.Met434Thr
rpoB;Rv0667;rpoB_p.Met434Val
rpoB;Rv0667;rpoB_p.Pro439Ala
rpoB;Rv0667;rpoB_p.Pro439Leu
rpoB;Rv0667;rpoB_p.Pro439Ser
rpoB;Rv0667;rpoB_p.Ser428Arg
rpoB;Rv0667;rpoB_p.Ser428Gly
rpoB;Rv0667;rpoB_p.Ser428Ile
rpoB;Rv0667;rpoB_p.Ser428Thr
rpoB;Rv0667;rpoB_p.Ser431Arg
rpoB;Rv0667;rpoB_p.Ser431Asn
rpoB;Rv0667;rpoB_p.Ser431Gly
rpoB;Rv0667;rpoB_p.Ser431Thr
rpoB;Rv0667;rpoB_p.Ser441Ala
rpoB;Rv0667;rpoB_p.Ser441Gln
rpoB;Rv0667;rpoB_p.Ser441Leu
rpoB;Rv0667;rpoB_p.Ser441Lys
rpoB;Rv0667;rpoB_p.Ser441Met
rpoB;Rv0667;rpoB_p.Ser441Trp
rpoB;Rv0667;rpoB_p.Ser441Val
rpoB;Rv0667;rpoB_p.Ser450Ala
rpoB;Rv0667;rpoB_p.Ser450Cys
rpoB;Rv0667;rpoB_p.Ser450Gln
rpoB;Rv0667;rpoB_p.Ser450Gly
rpoB;Rv0667;rpoB_p.Ser450Leu
rpoB;Rv0667;rpoB_p.Ser450Met
rpoB;Rv0667;rpoB_p.Ser450Phe
rpoB;Rv0667;rpoB_p.Ser450Trp
rpoB;Rv0667;rpoB_p.Ser450Tyr
rpoB;Rv0667;rpoB_p.Ser450Val
rpoB;Rv0667;rpoB_p.Thr427Ala
rpoB;Rv0667;rpoB_p.Thr427Asn
rpoB;Rv0667;rpoB_p.Thr427Gly
rpoB;Rv0667;rpoB_p.Thr427Ile
rpoB;Rv0667;rpoB_p.Thr427Pro
rpoB;Rv0667;rpoB_p.Thr427Ser
rpoB;Rv0667;rpoB_p.Thr444Ile
rpoB;Rv0667;rpoB_p.Thr444Pro
rpoB;Rv0667;rpoB_p.Thr444Ser
rpoB;Rv0667;rpoB_p.Val170Phe
gid;Rv3919c;gid_p.Ala134Glu
gid;Rv3919c;gid_p.Ala200Glu
gid;Rv3919c;gid_p.Asp67His
gid;Rv3919c;gid_p.Gly73Ala
gid;Rv3919c;gid_p.Gly73Glu
gid;Rv3919c;gid_p.His48Gln
gid;Rv3919c;gid_p.Pro84Leu
gid;Rv3919c;gid_p.Ser70Asn
gid;Rv3919c;gid_p.Val105Glu
rpsL;Rv0682;rpsL_p.Lys43Arg
rpsL;Rv0682;rpsL_p.Lys88Arg
rpsL;Rv0682;rpsL_p.Lys88Gln
rpsL;Rv0682;rpsL_p.Lys88Met
